day,readings,plants,botanists,soil_mean,temp_mean
2026-01-28,92,48,48,61.6634879251681,15.421857054947361
